,movie,year,time_minute,imdb_rating,metascore,vote,gross_earning
0,Mission: Impossible - Dead Reckoning Part One,2023,163,7.9,81.0,159725,
1,Oppenheimer,2023,180,8.5,88.0,461199,
2,The Exorcist,1973,122,8.1,82.0,438132,232.91
3,Get Out,2017,104,7.8,85.0,661674,176.04
4,Saw,2004,103,7.6,46.0,450429,56.0
5,John Wick: Chapter 4,2023,169,7.8,78.0,286491,
6,The Nightmare Before Christmas,1993,76,7.9,82.0,359396,75.08
7,Spider-Man: Across the Spider-Verse,2023,140,8.7,86.0,276850,
8,Halloween,1978,91,7.7,87.0,295750,47.0
9,Dune,2021,155,8.0,74.0,720527,108.33
10,Past Lives,2023,105,8.0,94.0,32604,
11,Guardians of the Galaxy Vol. 3,2023,150,7.9,64.0,331505,
12,The Wolf of Wall Street,2013,180,8.2,75.0,1516806,116.9
13,The Shawshank Redemption,1994,142,9.3,82.0,2808843,28.34
14,Harry Potter and the Sorcerer's Stone,2001,152,7.6,65.0,828398,317.58
15,The Shining,1980,146,8.4,66.0,1074322,44.02
16,The Godfather,1972,175,9.2,100.0,1957405,134.97
17,Interstellar,2014,169,8.7,74.0,2000052,188.02
18,The Batman,2022,176,7.8,72.0,737463,369.35
19,The Dark Knight,2008,152,9.0,84.0,2790531,534.86
20,Everything Everywhere All at Once,2022,139,7.8,81.0,483391,72.86
21,The Thing,1982,109,8.2,57.0,449823,13.78
22,The Silence of the Lambs,1991,118,8.6,86.0,1499987,130.74
23,Titanic,1997,194,7.9,75.0,1249700,659.33
24,Pulp Fiction,1994,154,8.9,95.0,2154130,107.93
25,Fight Club,1999,139,8.8,67.0,2243226,37.03
26,Top Gun: Maverick,2022,130,8.3,78.0,635031,718.73
27,Alien,1979,117,8.5,89.0,922766,78.9
28,Inception,2010,148,8.8,74.0,2476744,292.58
29,Gladiator,2000,155,8.5,67.0,1568651,187.71
30,Coraline,2009,100,7.7,80.0,253319,75.29
31,Blade Runner 2049,2017,164,8.0,81.0,627321,92.05
32,The Lord of the Rings: The Fellowship of the Ring,2001,178,8.8,92.0,1950949,315.54
33,American Beauty,1999,122,8.3,84.0,1188649,130.1
34,Once Upon a Time in Hollywood,2019,161,7.6,83.0,804008,142.5
35,Pride & Prejudice,2005,129,7.8,82.0,318442,38.41
36,Joker,2019,122,8.4,59.0,1410100,335.45
37,The Big Short,2015,130,7.8,81.0,465777,70.26
38,The Departed,2006,151,8.5,85.0,1384550,132.38
39,Se7en,1995,127,8.6,65.0,1740598,100.13
40,Heat,1995,170,8.3,76.0,695797,67.44
41,No Country for Old Men,2007,122,8.2,92.0,1026825,74.28
42,American Psycho,2000,102,7.6,64.0,680679,15.07
43,Ghostbusters,1984,105,7.8,71.0,433322,238.63
44,Inglourious Basterds,2009,153,8.4,69.0,1530943,120.54
45,The Gentlemen,2019,113,7.8,51.0,372739,36.47
46,The Princess Bride,1987,98,8.0,77.0,441822,30.86
47,Black Swan,2010,108,8.0,79.0,802414,106.95
48,The Goonies,1985,114,7.7,62.0,290565,61.5
49,Schindler's List,1993,195,9.0,95.0,1411999,96.9
50,Parasite,2019,132,8.5,96.0,894489,53.37
51,Sicario,2015,121,7.7,82.0,456922,46.89
52,Requiem for a Dream,2000,102,8.3,71.0,877536,3.64
53,The Whale,2022,117,7.7,60.0,182828,
54,Prisoners,2013,153,8.1,70.0,774652,61.0
55,Gone Girl,2014,149,8.1,79.0,1033719,167.77
56,Blade Runner,1982,117,8.1,84.0,802718,32.87
57,Goodfellas,1990,145,8.7,92.0,1219295,46.84
58,The Prestige,2006,130,8.5,66.0,1401342,53.09
59,Back to the Future,1985,116,8.5,87.0,1267989,210.61
60,Taxi Driver,1976,114,8.2,94.0,889133,28.26
61,Whiplash,2014,106,8.5,89.0,937269,13.09
62,The Matrix,1999,136,8.7,73.0,1996995,171.48
63,Rosemary's Baby,1968,137,8.0,96.0,228303,
64,Django Unchained,2012,165,8.5,81.0,1641027,162.81
65,Spider-Man: No Way Home,2021,148,8.2,71.0,836053,804.75
66,Mad Max: Fury Road,2015,120,8.1,90.0,1051919,154.06
67,Forrest Gump,1994,142,8.8,82.0,2186540,330.25
68,The Others,2001,104,7.6,74.0,383566,96.52
69,Saving Private Ryan,1998,169,8.6,91.0,1454880,216.54
70,Avengers: Endgame,2019,181,8.4,78.0,1219503,858.37
71,Harry Potter and the Goblet of Fire,2005,157,7.7,81.0,660404,290.01
72,Jurassic Park,1993,127,8.2,68.0,1037920,402.45
73,Knives Out,2019,130,7.9,82.0,743502,165.36
74,Stand by Me,1986,89,8.1,75.0,428461,52.29
75,Scarface,1983,170,8.3,65.0,888111,45.6
76,Donnie Darko,2001,113,8.0,88.0,832028,1.48
77,Come and See,1985,142,8.4,,90722,
78,Psycho,1960,109,8.5,97.0,701288,32.0
79,Star Wars: Episode IV - A New Hope,1977,121,8.6,90.0,1417547,322.74
80,Mission: Impossible - Fallout,2018,147,7.7,86.0,366130,220.16
81,Léon: The Professional,1994,110,8.5,64.0,1212872,19.5
82,Man on Fire,2004,146,7.7,47.0,380039,77.91
83,Young Frankenstein,1974,106,8.0,83.0,165451,86.3
84,Pirates of the Caribbean: The Curse of the Black Pearl,2003,143,8.1,63.0,1178006,305.41
85,Rogue One: A Star Wars Story,2016,133,7.8,65.0,670076,532.18
86,Oldboy,2003,120,8.4,78.0,613590,0.71
87,Ford v Ferrari,2019,152,8.1,81.0,439912,117.62
88,Jaws,1975,124,8.1,87.0,642310,260.0
89,The Lord of the Rings: The Return of the King,2003,201,9.0,94.0,1922788,377.85
90,The Green Mile,1999,189,8.6,61.0,1365687,136.8
91,Catch Me If You Can,2002,141,8.1,75.0,1052837,164.62
92,Shutter Island,2010,138,8.2,63.0,1401569,128.01
93,The Dark Knight Rises,2012,164,8.4,78.0,1781500,448.14
94,Good Will Hunting,1997,126,8.3,70.0,1026331,138.43
95,The Handmaiden,2016,145,8.1,85.0,163876,2.01
96,12 Angry Men,1957,96,9.0,97.0,836135,4.36
97,The Banshees of Inisherin,2022,114,7.7,87.0,229240,
98,The Usual Suspects,1995,106,8.5,77.0,1121835,23.34
99,Willy Wonka & the Chocolate Factory,1971,100,7.8,67.0,214616,4.0
100,Harry Potter and the Deathly Hallows: Part 2,2011,130,8.1,85.0,920409,381.01
101,Aliens,1986,137,8.4,84.0,745226,85.16
102,The Grand Budapest Hotel,2014,99,8.1,88.0,861265,59.1
103,The Sixth Sense,1999,107,8.2,64.0,1027173,293.51
104,Watchmen,2009,162,7.6,56.0,570893,107.51
105,Harry Potter and the Prisoner of Azkaban,2004,142,7.9,82.0,669426,249.36
106,Ferris Bueller's Day Off,1986,103,7.8,61.0,377408,70.14
107,Apocalypto,2006,139,7.8,68.0,324485,50.87
108,La La Land,2016,128,8.0,94.0,637653,151.1
109,Black Hawk Down,2001,144,7.7,74.0,414231,108.64
110,What's Eating Gilbert Grape,1993,118,7.7,73.0,248365,9.17
111,Apocalypse Now,1979,147,8.4,94.0,693922,83.47
112,Drive,2011,100,7.8,79.0,684077,35.06
113,The Big Lebowski,1998,117,8.1,71.0,840549,17.5
114,Arrival,2016,116,7.9,81.0,740296,100.55
115,Aftersun,2022,102,7.7,95.0,76477,
116,The Irishman,2019,209,7.8,94.0,414892,7.0
117,What We Do in the Shadows,2014,86,7.6,76.0,194474,3.33
118,The Lion King,1994,88,8.5,88.0,1109609,422.78
119,Kingsman: The Secret Service,2014,129,7.7,60.0,698891,128.26
120,Spider-Man: Into the Spider-Verse,2018,117,8.4,87.0,634011,190.24
121,Superbad,2007,113,7.6,76.0,614506,121.46
122,Mulholland Drive,2001,147,7.9,86.0,373994,7.22
123,Kill Bill: Vol. 1,2003,111,8.2,69.0,1162173,70.1
124,Edward Scissorhands,1990,105,7.9,74.0,511345,56.36
125,Little Women,2019,135,7.8,91.0,230057,108.1
126,One Flew Over the Cuckoo's Nest,1975,133,8.7,84.0,1046539,112.0
127,Memento,2000,113,8.4,83.0,1291038,25.54
128,Hacksaw Ridge,2016,139,8.1,71.0,570335,67.21
129,Wind River,2017,107,7.7,73.0,269617,33.8
130,Guardians of the Galaxy,2014,121,8.0,76.0,1246762,333.18
131,A Beautiful Mind,2001,135,8.2,72.0,965363,170.74
132,Batman Begins,2005,140,8.2,70.0,1539062,206.85
133,Die Hard,1988,132,8.2,72.0,914747,83.01
134,There Will Be Blood,2007,158,8.2,93.0,621433,40.22
135,The Notebook,2004,123,7.8,53.0,600553,81.0
136,Terminator 2: Judgment Day,1991,137,8.6,75.0,1145166,204.84
137,The Terminator,1984,107,8.1,84.0,902563,38.4
138,A Clockwork Orange,1971,136,8.3,77.0,862204,6.21
139,Sin City,2005,124,8.0,74.0,785457,74.1
140,Fantastic Mr. Fox,2009,87,7.9,83.0,258236,21.0
141,Eternal Sunshine of the Spotless Mind,2004,108,8.3,89.0,1049352,34.4
142,The Fifth Element,1997,126,7.6,52.0,493520,63.54
143,2001: A Space Odyssey,1968,149,8.3,84.0,700696,56.95
144,E.T. the Extra-Terrestrial,1982,115,7.9,92.0,427600,435.11
145,Tombstone,1993,130,7.8,50.0,160251,56.51
146,Spirited Away,2001,125,8.6,96.0,813566,10.06
147,The Godfather Part II,1974,202,9.0,90.0,1329149,57.3
148,Zodiac,2007,157,7.7,79.0,577579,33.08
149,The Help,2011,146,8.1,62.0,480948,169.71
150,The Hangover,2009,100,7.7,73.0,823618,277.32
151,Coco,2017,105,8.4,81.0,558513,209.73
152,American History X,1998,119,8.5,62.0,1161512,6.72
153,Star Wars: Episode III - Revenge of the Sith,2005,140,7.6,68.0,826275,380.26
154,Boogie Nights,1997,155,7.9,86.0,276574,26.4
155,The Hunt,2012,115,8.3,77.0,351440,0.69
156,RoboCop,1987,102,7.6,70.0,273120,53.42
157,Mr. Nobody,2009,141,7.7,63.0,242033,0.0
158,Raiders of the Lost Ark,1981,115,8.4,86.0,1015634,248.16
159,Cape Fear,1962,106,7.7,76.0,30925,
160,Shaun of the Dead,2004,99,7.9,76.0,580707,13.54
161,The Hobbit: An Unexpected Journey,2012,169,7.8,58.0,854862,303.0
162,The Pianist,2002,150,8.5,85.0,881660,32.57
163,Puss in Boots: The Last Wish,2022,102,7.8,73.0,157157,168.46
164,The Intouchables,2011,112,8.5,57.0,901409,13.18
165,City of God,2002,130,8.6,79.0,783686,7.56
166,The Truman Show,1998,103,8.2,90.0,1151176,125.62
167,Casino Royale,2006,144,8.0,80.0,680551,167.45
168,Home Alone,1990,103,7.7,63.0,614228,285.76
169,Snatch,2000,102,8.2,55.0,888725,30.33
170,Braveheart,1995,178,8.3,68.0,1070799,75.6
171,Into the Wild,2007,148,8.1,73.0,644657,18.35
172,Ratatouille,2007,111,8.1,96.0,791613,206.45
173,Dead Poets Society,1989,128,8.1,79.0,524380,95.86
174,Fargo,1996,98,8.1,86.0,704911,24.61
175,The Breakfast Club,1985,97,7.8,66.0,424642,45.88
176,All Quiet on the Western Front,2022,148,7.8,76.0,224484,
177,Her,2013,126,8.0,91.0,649494,25.57
178,The Deer Hunter,1978,183,8.1,86.0,353456,48.98
179,Deadpool,2016,108,8.0,65.0,1091361,363.07
180,The Hateful Eight,2015,168,7.8,68.0,638866,54.12
181,Avatar,2009,162,7.9,83.0,1362763,760.51
182,Bohemian Rhapsody,2018,134,7.9,49.0,570708,216.43
183,Iron Man,2008,126,7.9,79.0,1100302,318.41
184,Office Space,1999,89,7.6,68.0,280830,10.82
185,The Wizard of Oz,1939,102,8.1,92.0,417812,2.08
186,"The Good, the Bad and the Ugly",1966,178,8.8,90.0,791777,6.1
187,Almost Famous,2000,122,7.9,90.0,287780,32.53
188,Star Wars: Episode VII - The Force Awakens,2015,138,7.8,80.0,958526,936.66
189,Avengers: Infinity War,2018,149,8.4,68.0,1160151,678.82
190,Reservoir Dogs,1992,99,8.3,81.0,1062365,2.83
191,The Lord of the Rings: The Two Towers,2002,179,8.8,87.0,1734877,342.55
192,The Girl with the Dragon Tattoo,2011,158,7.8,71.0,482447,102.52
193,Harry Potter and the Deathly Hallows: Part 1,2010,146,7.7,65.0,580163,295.98
194,Thor: Ragnarok,2017,130,7.9,74.0,794620,315.06
195,1917,2019,119,8.2,78.0,645134,159.23
196,A Few Good Men,1992,138,7.7,62.0,279464,141.34
197,Deadpool 2,2018,119,7.6,66.0,621216,324.59
198,Hidden Figures,2016,127,7.8,74.0,246851,169.61
199,True Romance,1993,119,7.9,59.0,237245,12.28
200,Touch of Evil,1958,95,8.0,99.0,108080,2.24
201,Toy Story,1995,81,8.3,96.0,1040671,191.8
202,The Revenant,2015,156,8.0,76.0,846720,183.64
203,The Incredibles,2004,115,8.0,90.0,781920,261.44
204,Mary Poppins,1964,139,7.8,88.0,181273,102.27
205,300,2006,117,7.6,52.0,847851,210.61
206,Howl's Moving Castle,2004,119,8.2,82.0,426606,4.71
207,Hamilton,2020,160,8.3,88.0,106819,
208,The Avengers,2012,143,8.0,69.0,1435780,623.28
209,Misery,1990,107,7.8,75.0,226873,61.28
210,V for Vendetta,2005,132,8.2,62.0,1156904,70.51
211,Lost in Translation,2003,102,7.7,91.0,475909,44.59
212,Edge of Tomorrow,2014,113,7.9,71.0,715686,100.21
213,Kung Fu Panda,2008,92,7.6,74.0,500318,215.43
214,About Time,2013,123,7.8,55.0,373135,15.32
215,The Blues Brothers,1980,133,7.9,60.0,209008,57.23
216,The Fugitive,1993,130,7.8,87.0,310112,183.88
217,Blue Is the Warmest Colour,2013,180,7.7,90.0,159608,2.2
218,Pan's Labyrinth,2006,118,8.2,98.0,690313,37.63
219,Once Upon a Time in America,1984,229,8.3,75.0,367952,5.32
220,Ex Machina,2014,108,7.7,78.0,570890,25.44
221,Airplane!,1980,88,7.7,78.0,253564,83.4
222,Full Metal Jacket,1987,116,8.3,78.0,772296,46.36
223,Life Is Beautiful,1997,116,8.6,59.0,724853,57.6
224,Minority Report,2002,145,7.6,80.0,573032,132.07
225,Inside Out,2015,95,8.1,94.0,756946,356.46
226,Casino,1995,178,8.2,73.0,547257,42.44
227,Remember the Titans,2000,113,7.8,48.0,226643,115.65
228,Wonder,2017,113,7.9,66.0,173754,132.42
229,Hell or High Water,2016,102,7.6,88.0,244349,27.01
230,Training Day,2001,122,7.7,71.0,459783,76.63
231,Predator,1987,107,7.8,47.0,442486,59.74
232,The Martian,2015,144,8.0,80.0,897196,228.43
233,Trainspotting,1996,93,8.1,83.0,711261,16.5
234,Call Me by Your Name,2017,132,7.8,94.0,298843,18.1
235,Star Wars: Episode V - The Empire Strikes Back,1980,124,8.7,82.0,1346120,290.48
236,Night of the Living Dead,1968,96,7.8,89.0,135557,0.09
237,CODA,2021,111,8.0,72.0,154072,
238,The Fly,1986,96,7.6,79.0,195787,40.46
239,"Lock, Stock and Two Smoking Barrels",1998,107,8.1,66.0,604066,3.9
240,Green Book,2018,130,8.2,69.0,538227,85.08
241,The Night of the Hunter,1955,92,8.0,97.0,94701,0.65
242,Amadeus,1984,160,8.4,87.0,418326,51.97
243,Dunkirk,2017,106,7.8,94.0,714517,188.37
244,Room,2015,118,8.1,86.0,439588,14.68
245,Toy Story 3,2010,103,8.3,92.0,872031,415.0
246,Up,2009,96,8.3,88.0,1093900,293.0
247,Children of Men,2006,109,7.9,84.0,519034,35.55
248,Skyfall,2012,143,7.8,81.0,718448,304.36
249,The Hobbit: The Desolation of Smaug,2013,161,7.8,66.0,689075,258.37
250,500 Days of Summer,2009,95,7.7,76.0,542043,32.39
251,Jojo Rabbit,2019,108,7.9,58.0,423399,33.37
252,The Imitation Game,2014,114,8.0,71.0,805195,91.13
253,"Three Billboards Outside Ebbing, Missouri",2017,115,8.1,88.0,538008,54.51
254,Star Wars: Episode VI - Return of the Jedi,1983,131,8.3,58.0,1096341,309.13
255,Incendies,2010,131,8.3,80.0,190183,6.86
256,Big Fish,2003,125,8.0,58.0,452445,66.26
257,Guardians of the Galaxy Vol. 2,2017,136,7.6,67.0,738032,389.81
258,The Social Network,2010,120,7.8,95.0,738015,96.96
259,Zootopia,2016,108,8.0,78.0,528705,341.27
260,Arsenic and Old Lace,1944,118,7.9,,73672,
261,Shrek,2001,90,7.9,84.0,713063,267.67
262,Memories of Murder,2003,132,8.1,82.0,204620,0.01
263,The Sound of Music,1965,172,8.1,63.0,250264,163.21
264,The Birds,1963,119,7.6,90.0,199801,11.4
265,Stardust,2007,127,7.6,66.0,280308,38.63
266,Zack Snyder's Justice League,2021,242,7.9,54.0,425430,
267,RRR,2022,187,7.8,83.0,157830,14.5
268,Harvey,1950,104,7.9,,57401,
269,A Bronx Tale,1993,121,7.8,80.0,154243,17.27
270,Evil Dead II,1987,84,7.7,72.0,177505,5.92
271,"Monsters, Inc.",2001,92,8.1,79.0,952472,289.92
272,Dances with Wolves,1990,181,8.0,72.0,282375,184.21
273,The Color Purple,1985,154,7.7,78.0,92459,98.47
274,Midnight in Paris,2011,94,7.6,81.0,441841,56.82
275,Casablanca,1942,102,8.5,100.0,593388,1.02
276,Amélie,2001,122,8.3,69.0,779982,33.23
277,Finding Nemo,2003,100,8.2,90.0,1086565,380.84
278,The Worst Person in the World,2021,128,7.8,90.0,87333,
279,Brokeback Mountain,2005,134,7.7,87.0,373474,83.04
280,Nightcrawler,2014,117,7.8,76.0,584968,32.38
281,Star Trek,2009,127,7.9,82.0,614809,257.73
282,American Gangster,2007,157,7.8,76.0,443280,130.16
283,Atonement,2007,123,7.8,85.0,292811,50.93
284,The Game,1997,129,7.7,63.0,417123,48.32
285,Logan,2017,137,8.1,77.0,806382,226.28
286,The Perks of Being a Wallflower,2012,103,7.9,67.0,536020,17.74
287,And Your Mother Too,2001,106,7.7,89.0,127203,13.62
288,Ocean's Eleven,2001,116,7.7,74.0,603271,183.42
289,Tangled,2010,100,7.7,71.0,479648,200.82
290,Hot Fuzz,2007,121,7.8,81.0,525193,23.64
291,3 Idiots,2009,170,8.4,67.0,419758,6.53
292,L.A. Confidential,1997,138,8.2,91.0,602818,64.62
293,Cinderella Man,2005,144,8.0,69.0,194633,61.65
294,Your Name.,2016,106,8.4,81.0,301067,5.02
295,The Count of Monte Cristo,2002,131,7.7,61.0,145443,54.23
296,When Harry Met Sally...,1989,95,7.7,76.0,233770,92.82
297,Warrior,2011,140,8.1,71.0,488615,13.66
298,The Butterfly Effect,2004,113,7.6,30.0,510562,57.94
299,The Boy in the Striped Pajamas,2008,94,7.7,55.0,236285,9.03
300,The Curious Case of Benjamin Button,2008,166,7.8,70.0,679474,127.51
301,The Machinist,2004,101,7.6,61.0,407639,1.08
302,Blazing Saddles,1974,93,7.7,73.0,147607,119.5
303,Gaslight,1944,114,7.8,78.0,32447,
304,The Sandlot,1993,101,7.8,55.0,99329,32.42
305,Indiana Jones and the Last Crusade,1989,127,8.2,65.0,793726,197.17
306,The Last of the Mohicans,1992,112,7.7,76.0,181489,75.51
307,Manchester by the Sea,2016,137,7.8,96.0,301377,47.7
308,The Father,2020,97,8.2,88.0,178850,
309,Moneyball,2011,133,7.6,87.0,450854,75.61
310,Rear Window,1954,112,8.5,100.0,510460,36.76
311,Mystic River,2003,138,7.9,84.0,474397,90.14
312,WALL·E,2008,98,8.4,95.0,1167869,223.81
313,The French Connection,1971,104,7.7,94.0,131419,15.63
314,Rush,2013,123,8.1,74.0,501029,26.95
315,Rocky,1976,120,8.1,70.0,611619,117.24
316,Grave of the Fireflies,1988,89,8.5,94.0,297173,
317,Taken,2008,90,7.8,51.0,622153,145.0
318,The Untouchables,1987,119,7.8,79.0,323952,76.27
319,Little Miss Sunshine,2006,101,7.8,80.0,505334,59.89
320,The Fighter,2010,116,7.8,79.0,382263,93.62
321,The Lives of Others,2006,137,8.4,89.0,402326,11.29
322,District 9,2009,112,7.9,81.0,704204,115.65
323,12 Monkeys,1995,129,8.0,74.0,636434,57.14
324,Frankenstein,1931,70,7.8,91.0,77339,
325,How to Train Your Dragon,2010,98,8.1,75.0,777968,217.58
326,First Blood,1982,93,7.7,61.0,267739,47.21
327,Kill Bill: Vol. 2,2004,137,8.0,83.0,786807,66.21
328,Before Sunrise,1995,101,8.1,77.0,328867,5.54
329,Blue Velvet,1986,120,7.7,76.0,210071,8.55
330,The Bourne Identity,2002,119,7.8,68.0,565980,121.66
331,Lawrence of Arabia,1962,218,8.3,100.0,306530,44.82
332,Spotlight,2015,129,8.1,93.0,490755,45.06
333,It's a Wonderful Life,1946,130,8.6,89.0,480383,
334,Downfall,2004,156,8.2,82.0,367841,5.51
335,Silver Linings Playbook,2012,122,7.7,81.0,730159,132.09
336,In Bruges,2008,107,7.9,67.0,451770,7.76
337,Let the Right One In,2008,114,7.8,82.0,223476,2.12
338,12 Years a Slave,2013,134,8.1,96.0,726713,56.67
339,The Great Escape,1963,172,8.2,86.0,253639,12.1
340,Platoon,1986,120,8.1,92.0,429559,138.53
341,The Name of the Rose,1986,130,7.7,54.0,113911,7.15
342,The Ten Commandments,1956,220,7.9,,75279,93.74
343,The Last Samurai,2003,154,7.8,55.0,459802,111.11
344,Scent of a Woman,1992,156,8.0,59.0,318535,63.9
345,A Star Is Born,2018,136,7.6,88.0,406657,215.29
346,Gone with the Wind,1939,238,8.2,97.0,327351,198.68
347,Aladdin,1992,90,8.0,86.0,450422,217.35
348,Groundhog Day,1993,101,8.0,72.0,664410,70.91
349,Deliverance,1972,109,7.7,80.0,116775,7.06
350,End of Watch,2012,109,7.6,68.0,262013,41.0
351,The Boondock Saints,1999,108,7.7,44.0,246297,0.03
352,Back to the Future Part II,1989,108,7.8,57.0,558907,118.5
353,The Holy Mountain,1973,114,7.8,76.0,46511,0.06
354,Raging Bull,1980,129,8.1,90.0,370317,23.38
355,I Saw the Devil,2010,144,7.8,67.0,141080,0.13
356,Soul,2020,100,8.0,83.0,359337,
357,The Pursuit of Happyness,2006,117,8.0,64.0,544213,163.57
358,Kick-Ass,2010,117,7.6,66.0,583121,48.07
359,Once Upon a Time in the West,1968,165,8.5,82.0,342451,5.32
360,OMG: Oh My God!,2012,125,8.1,,63335,0.92
361,Close,2022,104,7.8,81.0,28941,
362,Unforgiven,1992,130,8.2,85.0,427310,101.16
363,Seven Samurai,1954,207,8.6,98.0,359006,0.27
364,Dawn of the Dead,1978,127,7.8,71.0,125892,5.1
365,True Grit,2010,110,7.6,80.0,351659,171.24
366,Despicable Me,2010,95,7.6,72.0,569889,251.51
367,Birdman or (The Unexpected Virtue of Ignorance),2014,119,7.7,87.0,653820,42.34
368,X-Men: First Class,2011,131,7.7,65.0,712588,146.41
369,Apollo 13,1995,140,7.7,77.0,308065,173.84
370,Argo,2012,120,7.7,86.0,630569,136.03
371,Princess Mononoke,1997,134,8.3,76.0,417409,2.38
372,X-Men: Days of Future Past,2014,132,7.9,75.0,733386,233.92
373,The Royal Tenenbaums,2001,110,7.6,76.0,307285,52.36
374,Big Hero 6,2014,102,7.8,74.0,487361,222.53
375,Dr. Strangelove or: How I Learned to Stop Worrying and Love the Bomb,1964,95,8.4,97.0,507869,0.28
376,Magnolia,1999,188,8.0,78.0,323305,22.46
377,The Bourne Ultimatum,2007,115,8.0,85.0,650192,227.47
378,The Invisible Guest,2016,106,8.0,,187219,
379,Blood Diamond,2006,143,8.0,64.0,573306,57.37
380,Perfect Blue,1997,81,8.0,67.0,88645,0.78
381,Boyz n the Hood,1991,112,7.8,76.0,149634,57.5
382,My Cousin Vinny,1992,120,7.6,68.0,135962,52.93
383,High Noon,1952,85,8.0,89.0,108335,9.45
384,Nosferatu,1922,94,7.9,,102646,
385,Vertigo,1958,128,8.3,100.0,417761,3.2
386,Chinatown,1974,130,8.2,92.0,340985,
387,Capernaum,2018,126,8.4,75.0,99782,1.66
388,Cast Away,2000,143,7.8,73.0,621999,233.63
389,The Secret in Their Eyes,2009,129,8.2,80.0,217711,6.39
390,Captain America: Civil War,2016,147,7.8,75.0,828676,408.08
391,The Thin Red Line,1998,170,7.6,78.0,195826,36.4
392,Crash,2004,112,7.7,66.0,445121,54.58
393,Monty Python and the Holy Grail,1975,91,8.2,91.0,559688,1.23
394,The Lego Movie,2014,100,7.7,83.0,379182,257.76
395,After Hours,1985,97,7.6,90.0,76760,10.6
396,The Caine Mutiny,1954,124,7.7,63.0,29163,21.75
397,Another Round,2020,117,7.7,79.0,182332,
398,Portrait of a Lady on Fire,2019,122,8.1,95.0,103303,3.76
399,Rain Man,1988,133,8.0,65.0,534903,178.8
400,Toy Story 4,2019,100,7.7,84.0,270041,434.04
401,As Good as It Gets,1997,139,7.7,67.0,311974,148.48
402,Marriage Story,2019,137,7.9,94.0,333756,2.0
403,Some Like It Hot,1959,121,8.2,98.0,277638,25.0
404,Beauty and the Beast,1991,84,8.0,95.0,471245,218.97
405,Vikram,2022,175,8.3,,67487,
406,The Graduate,1967,106,8.0,83.0,283900,104.95
407,Moonrise Kingdom,2012,94,7.8,84.0,362211,45.51
408,The King of Comedy,1982,109,7.8,73.0,113535,2.5
409,Citizen Kane,1941,119,8.3,100.0,457317,1.59
410,Captain America: The Winter Soldier,2014,136,7.8,70.0,881297,259.77
411,Mulan,1998,87,7.6,71.0,306418,120.62
412,Akira,1988,124,8.0,67.0,198355,0.55
413,Empire of the Sun,1987,153,7.7,62.0,131827,22.24
414,Gravity,2013,91,7.7,96.0,849548,274.09
415,Who Framed Roger Rabbit,1988,104,7.7,83.0,211730,156.45
416,In the Mood for Love,2000,98,8.1,87.0,161131,2.73
417,Primal Fear,1996,129,7.7,47.0,239295,56.12
418,Captain Fantastic,2016,118,7.8,72.0,229430,5.88
419,To Kill a Mockingbird,1962,129,8.3,88.0,326912,
420,The Fall,2006,117,7.8,64.0,115298,2.28
421,"O Brother, Where Art Thou?",2000,107,7.7,69.0,324251,45.51
422,Metropolis,1927,153,8.3,98.0,181337,1.24
423,Sound of Metal,2019,120,7.7,82.0,142852,
424,Chungking Express,1994,102,8.0,78.0,91292,0.6
425,Dogville,2003,178,8.0,61.0,155451,1.53
426,"Paris, Texas",1984,145,8.1,81.0,113756,2.18
427,Dallas Buyers Club,2013,117,7.9,77.0,508534,27.3
428,Jujutsu Kaisen 0,2021,112,7.8,71.0,29465,34.54
429,The King's Speech,2010,118,8.0,88.0,698500,138.8
430,The Remains of the Day,1993,134,7.8,86.0,80975,22.95
431,Life of Pi,2012,127,7.9,79.0,654117,124.99
432,Eastern Promises,2007,100,7.6,83.0,255143,17.11
433,The Man from Earth,2007,87,7.8,,195524,
434,Sense and Sensibility,1995,136,7.7,84.0,122304,43.18
435,Das Boot,1981,149,8.4,86.0,259421,11.49
436,Serenity,2005,119,7.8,74.0,302571,25.51
437,Gran Torino,2008,116,8.1,72.0,800029,148.1
438,My Neighbor Totoro,1988,86,8.1,86.0,363320,1.11
439,Gattaca,1997,106,7.7,64.0,316607,12.34
440,Donnie Brasco,1997,127,7.7,76.0,323524,41.91
441,Barry Lyndon,1975,185,8.1,89.0,177674,
442,The Magnificent Seven,1960,128,7.7,74.0,100033,4.91
443,Moon,2009,97,7.8,67.0,370728,5.01
444,La haine,1995,98,8.1,,188298,0.31
445,50/50,2011,100,7.6,72.0,339378,35.01
446,Ben-Hur,1959,212,8.1,90.0,248568,74.7
447,Toy Story 2,1999,92,7.9,88.0,606066,245.85
448,Cinema Paradiso,1988,155,8.5,80.0,274839,11.99
449,Slumdog Millionaire,2008,120,8.0,84.0,866368,141.32
450,Midnight Cowboy,1969,113,7.8,79.0,117167,44.79
451,Isle of Dogs,2018,101,7.8,82.0,184507,32.02
452,Hunt for the Wilderpeople,2016,101,7.8,81.0,137746,5.2
453,Lethal Weapon,1987,109,7.6,68.0,270379,65.21
454,Gone Baby Gone,2007,114,7.6,72.0,283751,20.3
455,Million Dollar Baby,2004,132,8.1,86.0,708861,100.49
456,The Fault in Our Stars,2014,126,7.7,69.0,393333,124.87
457,Do the Right Thing,1989,120,8.0,93.0,109258,27.55
458,Match Point,2005,124,7.6,72.0,224807,23.09
459,The Last Picture Show,1971,118,8.0,93.0,51145,29.13
460,Walk the Line,2005,136,7.8,72.0,260881,119.52
461,The Blind Side,2009,129,7.6,53.0,352583,255.96
462,Wreck-It Ralph,2012,101,7.7,72.0,446304,189.42
463,The Road Warrior,1981,96,7.6,77.0,189152,12.47
464,The Bride of Frankenstein,1935,75,7.8,95.0,51517,4.36
465,The Girl with the Dragon Tattoo,2009,152,7.8,76.0,221027,10.1
466,Sing Street,2016,106,7.9,79.0,98828,3.24
467,Goldfinger,1964,110,7.7,87.0,198343,51.08
468,Planet of the Apes,1968,112,8.0,79.0,188102,33.4
469,Naked,1993,131,7.7,85.0,42478,1.77
470,Singin' in the Rain,1952,103,8.3,99.0,253986,8.82
471,Sunset Blvd.,1950,110,8.4,94.0,231084,
472,Fried Green Tomatoes,1991,130,7.7,64.0,79746,82.42
473,Spartacus,1960,197,7.9,87.0,140415,30.0
474,M,1931,99,8.3,,164728,0.03
475,Changeling,2008,141,7.8,63.0,262276,35.74
476,This Is England,2006,101,7.7,86.0,126648,0.33
477,Straight Outta Compton,2015,147,7.8,72.0,213071,161.2
478,Lion,2016,118,8.0,69.0,245938,51.74
479,Stalker,1979,162,8.1,85.0,140857,0.23
480,North by Northwest,1959,136,8.3,98.0,339438,13.28
481,Die Hard with a Vengeance,1995,128,7.6,58.0,400365,100.01
482,Mississippi Burning,1988,128,7.8,65.0,106623,34.6
483,Captain Phillips,2013,134,7.8,82.0,482129,107.1
484,The Bourne Supremacy,2004,108,7.7,73.0,479153,176.24
485,JFK,1991,189,8.0,72.0,165679,70.41
486,This Is Spinal Tap,1984,82,7.9,92.0,144435,4.74
487,The Best Offer,2013,131,7.8,49.0,125576,0.09
488,Kiki's Delivery Service,1989,103,7.8,85.0,156878,
489,Ed Wood,1994,127,7.8,70.0,181557,5.89
490,Bound by Honor,1993,180,7.9,47.0,33225,4.5
491,Brazil,1985,132,7.9,84.0,207713,9.93
492,Philadelphia,1993,125,7.7,66.0,252799,77.32
493,Cabaret,1972,124,7.8,80.0,58011,42.77
494,Life of Brian,1979,94,8.0,77.0,415470,20.05
495,The Raid: Redemption,2011,101,7.6,73.0,213201,4.11
496,The Elephant Man,1980,124,8.2,78.0,252582,
497,The Jungle Book,1967,78,7.6,65.0,193805,141.84
498,Dog Day Afternoon,1975,125,8.0,86.0,268275,50.0
499,Carlito's Way,1993,144,7.9,66.0,227896,36.95
500,Jai Bhim,2021,164,8.8,,211113,
501,Detachment,2011,98,7.7,52.0,94783,0.07
502,Thirteen Lives,2022,147,7.8,66.0,64101,
503,Paddington 2,2017,103,7.8,88.0,87896,40.44
504,Road to Perdition,2002,117,7.7,72.0,279357,104.45
505,Hachi: A Dog's Tale,2009,93,8.1,,301861,
506,Boyhood,2014,165,7.9,100.0,363212,25.38
507,Before Sunset,2004,80,8.1,91.0,280176,5.82
508,3:10 to Yuma,2007,122,7.7,76.0,325349,53.61
509,Freaks,1932,64,7.8,80.0,49144,0.63
510,Sling Blade,1996,135,8.0,84.0,97199,24.48
511,October Sky,1999,108,7.8,71.0,96058,32.48
512,Butch Cassidy and the Sundance Kid,1969,110,8.0,66.0,223292,102.31
513,Dark Waters,2019,126,7.6,73.0,96334,
514,Happiness,1998,134,7.7,81.0,73138,2.81
515,Wild Tales,2014,122,8.1,77.0,210194,3.11
516,Ghost in the Shell,1995,83,7.9,76.0,151875,0.52
517,A Christmas Story,1983,93,7.9,77.0,161933,20.61
518,Annie Hall,1977,93,8.0,92.0,273339,39.2
519,Harakiri,1962,133,8.6,85.0,64334,
520,Adaptation.,2002,115,7.7,83.0,199398,22.25
521,Rushmore,1998,93,7.6,86.0,194499,17.11
522,Red River,1948,133,7.8,96.0,33290,
523,Being John Malkovich,1999,113,7.7,90.0,347874,22.86
524,The Seventh Seal,1957,96,8.1,88.0,193696,
525,The Theory of Everything,2014,123,7.7,71.0,471656,35.89
526,The Sting,1973,129,8.3,83.0,273498,159.6
527,Billy Elliot,2000,110,7.7,74.0,140077,22.0
528,Network,1976,121,8.1,83.0,166222,
529,What Ever Happened to Baby Jane?,1962,134,8.0,75.0,60077,4.05
530,Ran,1985,160,8.2,97.0,132393,4.14
531,A Man Called Ove,2015,116,7.7,70.0,66038,3.48
532,Malcolm X,1992,202,7.7,73.0,99749,48.17
533,The Trial of the Chicago 7,2020,129,7.7,76.0,188221,
534,The Wrestler,2008,109,7.9,80.0,315810,26.24
535,Judgment at Nuremberg,1961,179,8.3,60.0,82235,
536,The Mitchells vs the Machines,2021,114,7.6,81.0,121269,
537,The Invisible Man,1933,71,7.6,87.0,38566,
538,Awakenings,1990,121,7.8,74.0,153363,52.1
539,Star Trek Into Darkness,2013,132,7.7,72.0,492921,228.78
540,The Iron Giant,1999,86,8.1,85.0,217220,23.16
541,Ponyo,2008,101,7.6,86.0,155501,15.09
542,Flipped,2010,90,7.7,45.0,95029,1.75
543,Dangal,2016,161,8.3,,202586,12.39
544,Glory,1989,122,7.8,78.0,141253,26.83
545,Kung Fu Hustle,2004,99,7.7,78.0,147425,17.11
546,Dirty Harry,1971,102,7.7,87.0,164868,35.9
547,Amores Perros,2000,154,8.1,83.0,248930,5.38
548,How to Train Your Dragon 2,2014,102,7.8,77.0,354439,177.0
549,Glengarry Glen Ross,1992,100,7.7,82.0,112930,10.73
550,Fiddler on the Roof,1971,181,8.0,67.0,46259,80.5
551,The Apartment,1960,125,8.3,94.0,190834,18.6
552,King Kong,1933,100,7.9,92.0,89108,10.0
553,Paths of Glory,1957,88,8.4,90.0,206868,
554,Paprika,2006,90,7.7,81.0,91635,0.88
555,My Fair Lady,1964,170,7.8,95.0,99563,72.0
556,A Separation,2011,123,8.3,95.0,253473,7.1
557,Papillon,1973,151,8.0,58.0,135996,53.27
558,The Vanishing,1988,107,7.7,,41941,
559,Persona,1966,83,8.1,86.0,127181,
560,"Crouching Tiger, Hidden Dragon",2000,120,7.9,94.0,277985,128.08
561,Star Trek II: The Wrath of Khan,1982,113,7.7,68.0,127097,78.91
562,The Conversation,1974,113,7.8,87.0,117884,4.42
563,The Insider,1999,157,7.8,84.0,177207,28.97
564,Stagecoach,1939,96,7.8,93.0,52311,
565,Once,2007,86,7.8,90.0,119880,9.44
566,21 Grams,2003,124,7.6,70.0,243099,16.29
567,The Verdict,1982,129,7.7,77.0,44405,54.0
568,Rebecca,1940,130,8.1,86.0,143377,4.36
569,In the Name of the Father,1993,133,8.1,84.0,183046,25.01
570,Lucky Number Slevin,2006,110,7.7,53.0,321686,22.49
571,The Day of the Jackal,1973,143,7.8,80.0,43654,16.06
572,Bonnie and Clyde,1967,111,7.7,86.0,118111,
573,The Day the Earth Stood Still,1951,92,7.8,83.0,84595,
574,The Last King of Scotland,2006,123,7.6,74.0,193118,17.61
575,Clerks,1994,92,7.7,70.0,229336,3.15
576,A Fistful of Dollars,1964,99,7.9,65.0,227136,14.5
577,For a Few Dollars More,1965,132,8.2,74.0,267872,15.0
578,Farewell My Concubine,1992,171,8.1,84.0,31836,5.22
579,8½,1963,138,8.0,93.0,122886,0.05
580,Badlands,1973,94,7.7,93.0,76622,
581,A Man for All Seasons,1966,120,7.7,72.0,36413,28.35
582,Cool Hand Luke,1967,127,8.1,92.0,185029,16.22
583,Shadow of a Doubt,1943,108,7.8,94.0,68927,
584,Black Book,2006,145,7.7,71.0,79303,4.4
585,Dancer in the Dark,2000,140,7.9,63.0,114510,4.18
586,Klaus,2019,96,8.2,65.0,172546,
587,A Silent Voice: The Movie,2016,130,8.1,78.0,94423,
588,The Cabinet of Dr. Caligari,1920,67,8.0,,68069,
589,Belle de Jour,1967,100,7.7,,47548,0.03
590,Witness for the Prosecution,1957,116,8.4,76.0,133005,8.18
591,Lilya 4-Ever,2002,109,7.8,83.0,48117,0.18
592,The Wild Bunch,1969,135,7.9,98.0,88732,12.06
593,Before Midnight,2013,109,7.9,94.0,168028,8.11
594,Invasion of the Body Snatchers,1956,80,7.7,92.0,53251,
595,A Streetcar Named Desire,1951,122,7.9,97.0,112483,8.0
596,Hero,2002,120,7.9,85.0,185759,53.71
597,Roma,2018,135,7.7,96.0,166184,
598,The Dirty Dozen,1967,150,7.7,73.0,77406,45.3
599,The Wind Rises,2013,126,7.7,83.0,93487,5.21
600,The Great Beauty,2013,141,7.7,86.0,95571,2.85
601,Wings of Desire,1987,128,7.9,79.0,74738,3.33
602,Hotel Rwanda,2004,121,8.1,79.0,366378,23.53
603,Ray,2004,152,7.7,73.0,154556,75.33
604,Serpico,1973,130,7.7,83.0,131075,29.8
605,Doctor Zhivago,1965,197,7.9,69.0,80447,111.72
606,Tumbbad,2018,104,8.2,,55681,
607,Nausicaä of the Valley of the Wind,1984,117,8.0,86.0,177191,0.5
608,Searching,2018,102,7.6,71.0,176194,26.02
609,I Am Sam,2001,132,7.6,28.0,153587,40.31
610,United 93,2006,111,7.6,90.0,109700,31.57
611,The Searchers,1956,119,7.8,94.0,94173,
612,Pink Floyd: The Wall,1982,95,8.0,47.0,83971,22.24
613,In the Heat of the Night,1967,110,7.9,76.0,81306,24.38
614,Mother,2009,129,7.7,79.0,69369,0.55
615,Days of Heaven,1978,94,7.8,93.0,61147,
616,Castle in the Sky,1986,125,8.0,78.0,175682,
617,Ip Man,2008,106,8.0,59.0,230782,
618,The Last Emperor,1987,163,7.7,76.0,108864,43.98
619,On the Waterfront,1954,108,8.1,91.0,161097,9.6
620,Shoplifters,2018,121,7.9,93.0,82937,3.31
621,Mommy,2014,139,8.0,74.0,60368,3.49
622,Hamlet,1996,242,7.7,,39368,4.41
623,Rio Bravo,1959,141,8.0,93.0,66475,12.54
624,All That Jazz,1979,123,7.8,72.0,34155,37.82
625,La Dolce Vita,1960,174,8.0,95.0,76602,19.52
626,Ikiru,1952,143,8.3,92.0,84368,0.06
627,Gandhi,1982,191,8.0,79.0,237764,52.77
628,The Right Stuff,1983,193,7.8,91.0,64174,21.5
629,Charade,1963,113,7.9,83.0,82880,13.47
630,Dial M for Murder,1954,105,8.2,75.0,184250,0.01
631,The Man Who Shot Liberty Valance,1962,123,8.1,94.0,80348,
632,Notorious,1946,102,7.9,100.0,105138,10.46
633,Short Term 12,2013,96,7.9,82.0,90534,1.01
634,Roman Holiday,1953,118,8.0,78.0,144628,
635,All the President's Men,1976,138,7.9,84.0,122753,70.6
636,Neon Genesis Evangelion: The End of Evangelion,1997,87,8.1,,60914,
637,Solaris,1972,167,8.0,93.0,96014,
638,The Third Man,1949,93,8.1,97.0,178132,0.45
639,Run Lola Run,1998,80,7.7,77.0,204109,7.27
640,The Outlaw Josey Wales,1976,135,7.8,69.0,77986,31.8
641,Rebel Without a Cause,1955,111,7.6,89.0,95915,
642,The Artist,2011,100,7.9,89.0,246414,44.67
643,The Bridges of Madison County,1995,135,7.6,69.0,86585,71.52
644,Double Indemnity,1944,107,8.3,95.0,163724,5.72
645,Ordinary People,1980,124,7.7,86.0,55249,54.8
646,Demon Slayer: Kimetsu no Yaiba - The Movie: Mugen Train,2020,117,8.2,72.0,68396,47.7
647,Kramer vs. Kramer,1979,105,7.8,77.0,151584,106.26
648,Being There,1979,130,7.9,83.0,76004,30.18
649,Drishyam 2,2022,140,8.2,,40793,
650,All About Eve,1950,138,8.2,98.0,136092,0.01
651,Like Stars on Earth,2007,165,8.3,,202081,1.22
652,The Bridge on the River Kwai,1957,161,8.1,87.0,229037,44.91
653,Miller's Crossing,1990,115,7.7,66.0,139714,5.08
654,Rashomon,1950,88,8.2,98.0,176075,0.1
655,The Raid 2,2014,150,7.9,71.0,129065,2.63
656,Breaking the Waves,1996,159,7.8,82.0,70187,4.04
657,The Innocents,1961,100,7.8,88.0,32265,2.62
658,Hannah and Her Sisters,1986,107,7.8,90.0,74665,40.08
659,Kubo and the Two Strings,2016,101,7.7,84.0,136009,48.02
660,Me and Earl and the Dying Girl,2015,105,7.7,74.0,136287,6.74
661,The Quiet Man,1952,129,7.7,85.0,41157,10.55
662,Three Colors: Blue,1993,94,7.9,87.0,107980,1.32
663,Fantasia,1940,124,7.7,96.0,101489,76.41
664,Anatomy of a Murder,1959,161,8.0,95.0,69536,11.9
665,PK,2014,153,8.1,,196331,10.62
666,Finding Neverland,2004,106,7.7,67.0,210284,51.68
667,"South Park: Bigger, Longer & Uncut",1999,81,7.7,73.0,211819,52.04
668,From Here to Eternity,1953,118,7.6,85.0,49764,30.5
669,Evil,2003,113,7.7,61.0,40775,0.02
670,Mirror,1975,107,8.0,82.0,50460,0.18
671,Drishyam,2015,163,8.2,,91177,0.74
672,The Great Dictator,1940,125,8.4,,232613,0.29
673,Fitzcarraldo,1982,158,8.0,,37365,
674,Strangers on a Train,1951,101,7.9,88.0,138682,7.63
675,The Manchurian Candidate,1962,126,7.9,94.0,78301,
676,Harold and Maude,1971,91,7.9,62.0,80495,
677,Open Your Eyes,1997,119,7.7,,72092,0.37
678,Infernal Affairs,2002,101,8.0,75.0,129168,0.17
679,The Maltese Falcon,1941,100,8.0,97.0,164057,2.11
680,It Happened One Night,1934,105,8.1,87.0,109317,4.36
681,Paper Moon,1973,102,8.1,77.0,50923,30.93
682,The Grapes of Wrath,1940,129,8.1,96.0,97893,0.06
683,The Man from Nowhere,2010,119,7.7,,73091,0.01
684,Kaithi,2019,145,8.4,,38126,
685,Wait Until Dark,1967,108,7.7,81.0,32756,17.55
686,Letters from Iwo Jima,2006,141,7.8,89.0,167905,13.76
687,The Chaser,2008,125,7.8,64.0,70687,
688,Togo,2019,113,7.9,69.0,53350,
689,My Left Foot,1989,103,7.8,97.0,78079,14.74
690,Short Cuts,1993,188,7.7,81.0,46677,6.11
691,Modern Times,1936,87,8.5,96.0,253318,0.16
692,The Longest Day,1962,178,7.7,75.0,58123,39.1
693,The Hustler,1961,134,8.0,90.0,85316,8.28
694,Rope,1948,80,7.9,73.0,150107,
695,Barton Fink,1991,116,7.6,69.0,126828,6.15
696,Patton,1970,172,7.9,86.0,106265,61.7
697,The Lion in Winter,1968,134,7.9,,33243,22.28
698,The Killing Fields,1984,141,7.8,76.0,58009,34.7
699,High and Low,1963,143,8.4,90.0,50117,
700,Bicycle Thieves,1948,89,8.3,,170876,0.33
701,Whisper of the Heart,1995,111,7.8,75.0,68870,
702,The Straight Story,1999,112,8.0,86.0,94940,6.2
703,The Battle of Algiers,1966,121,8.1,96.0,63856,0.06
704,The Best Years of Our Lives,1946,170,8.1,93.0,68561,23.65
705,Manhattan,1979,96,7.8,83.0,144567,45.7
706,Three Colors: Red,1994,99,8.1,100.0,107853,4.04
707,25th Hour,2002,135,7.6,69.0,182972,13.06
708,The Celebration,1998,105,8.1,82.0,91622,1.65
709,Loving Vincent,2017,94,7.8,62.0,61706,6.74
710,Wolfwalkers,2020,103,8.0,87.0,36747,
711,Mary and Max,2009,92,8.1,,183480,
712,The Legend of 1900,1998,169,8.0,58.0,67784,0.26
713,Gangs of Wasseypur,2012,321,8.2,89.0,101118,
714,All About My Mother,1999,101,7.8,87.0,101060,8.26
715,96,2018,158,8.5,,34513,
716,The 400 Blows,1959,99,8.1,,124761,
717,The Big Sleep,1946,114,7.9,86.0,88950,6.54
718,Once Were Warriors,1994,102,7.9,77.0,36111,2.2
719,The Message,1976,177,8.1,,49766,
720,"Aguirre, the Wrath of God",1972,95,7.8,,60294,
721,East of Eden,1955,118,7.8,72.0,47877,
722,Philomena,2013,98,7.6,77.0,102761,37.71
723,Marty,1955,90,7.7,82.0,26143,
724,Pride,2014,119,7.8,79.0,60492,
725,Waking Life,2001,99,7.7,84.0,66150,2.89
726,All Quiet on the Western Front,1930,152,8.1,91.0,66346,3.27
727,Porco Rosso,1992,94,7.7,83.0,97100,
728,The Leopard,1963,186,8.0,100.0,28014,
729,The Asphalt Jungle,1950,112,7.8,85.0,29041,
730,Fantastic Planet,1973,72,7.7,73.0,35339,0.19
731,Diabolique,1955,117,8.1,,68219,1.09
732,Hedwig and the Angry Inch,2001,95,7.7,85.0,36900,3.03
733,The White Ribbon,2009,144,7.8,84.0,76383,2.22
734,Wild Strawberries,1957,91,8.1,88.0,112240,
735,The Red Shoes,1948,135,8.1,,37738,10.9
736,Who's Afraid of Virginia Woolf?,1966,131,8.0,75.0,78553,
737,The Killing,1956,84,7.9,91.0,94973,
738,The Taking of Pelham One Two Three,1974,104,7.6,68.0,33793,2.49
739,Andhadhun,2018,139,8.2,,99316,1.37
740,Beasts of No Nation,2015,137,7.7,79.0,85220,0.08
741,Shine,1996,105,7.6,87.0,55882,35.81
742,Perfect Strangers,2016,96,7.7,,69456,
743,Amour,2012,127,7.9,95.0,104073,6.74
744,Control,2007,122,7.6,78.0,67662,0.87
745,Yojimbo,1961,110,8.2,93.0,128288,
746,My Name Is Khan,2010,165,7.9,50.0,112921,4.02
747,A Woman Under the Influence,1974,155,8.1,88.0,27654,13.34
748,Winter Sleep,2014,196,8.1,88.0,54141,0.17
749,The Philadelphia Story,1940,112,7.9,96.0,72373,
750,Out of the Past,1947,97,8.0,85.0,39770,
751,Secrets & Lies,1996,136,8.0,92.0,46053,13.42
752,Kind Hearts and Coronets,1949,106,8.0,,38996,
753,Fanny and Alexander,1982,188,8.1,100.0,66179,4.97
754,Breathless,1960,90,7.7,,86057,0.34
755,The Shop Around the Corner,1940,99,8.0,96.0,36257,0.2
756,Scarface,1932,93,7.7,90.0,29537,
757,Talk to Her,2002,112,7.9,86.0,116054,9.36
758,The Thin Man,1934,91,7.9,86.0,31774,
759,Zulu,1964,138,7.7,77.0,41582,
760,Tokyo Story,1953,136,8.1,100.0,66058,
761,Children of Heaven,1997,89,8.2,77.0,78508,0.93
762,Elite Squad,2007,115,8.0,33.0,108085,0.01
763,The African Queen,1951,105,7.7,91.0,82527,0.54
764,Head-On,2004,121,7.9,78.0,56589,
765,Ninja Scroll,1993,94,7.8,,39580,
766,Night on Earth,1991,129,7.7,68.0,64250,2.02
767,Miracle in Cell No. 7,2019,132,8.2,,53346,
768,Land of Mine,2015,100,7.8,75.0,44336,0.44
769,The Motorcycle Diaries,2004,126,7.7,75.0,103792,16.78
770,Good Bye Lenin!,2003,121,7.7,68.0,150655,4.06
771,Hard Boiled,1992,128,7.7,,52930,
772,To Have and Have Not,1944,100,7.8,90.0,37254,
773,Laura,1944,88,7.9,,49861,4.36
774,When Marnie Was There,2014,103,7.7,72.0,45258,0.77
775,Nebraska,2013,115,7.7,86.0,121202,17.65
776,A Taxi Driver,2017,137,7.9,69.0,28909,1.53
777,Swades,2004,189,8.2,,95573,1.22
778,Guess Who's Coming to Dinner,1967,108,7.8,63.0,47815,56.7
779,The Sacrifice,1986,149,7.9,,30212,0.3
780,Underground,1995,167,8.1,79.0,60215,0.17
781,My Sassy Girl,2001,137,8.0,,49800,
782,The Man Who Would Be King,1975,129,7.8,91.0,51112,
783,The Treasure of the Sierra Madre,1948,126,8.2,98.0,130014,5.01
784,The Adventures of Robin Hood,1938,102,7.9,97.0,53488,3.98
785,"I, Daniel Blake",2016,100,7.8,78.0,63207,0.26
786,City Lights,1931,87,8.5,99.0,191914,0.02
787,The Broken Circle Breakdown,2012,111,7.7,70.0,42623,0.18
788,The Wages of Fear,1953,131,8.2,85.0,64649,
789,The Little Prince,2015,108,7.7,70.0,65231,1.34
790,Song of the Sea,2014,93,8.0,85.0,61724,0.86
791,The Tale of The Princess Kaguya,2013,137,8.0,89.0,51360,1.51
792,Raatchasan,2018,170,8.3,,48472,
793,Black Narcissus,1947,101,7.7,86.0,26732,
794,In a Lonely Place,1950,94,7.9,,34021,
795,The Lady Vanishes,1938,96,7.7,98.0,55763,
796,The Passion of Joan of Arc,1928,114,8.1,98.0,58775,0.02
797,The World's Fastest Indian,2005,127,7.8,68.0,57212,5.13
798,Once Upon a Time in Anatolia,2011,157,7.8,82.0,48814,0.14
799,The Double Life of Véronique,1991,98,7.7,86.0,51701,2.0
800,The Wild Pear Tree,2018,188,8.0,86.0,26500,0.03
801,A Prophet,2009,155,7.8,90.0,101030,2.08
802,The Sea Inside,2004,126,8.0,74.0,84181,2.09
803,Brief Encounter,1945,86,8.0,92.0,42866,
804,In Cold Blood,1967,134,7.9,89.0,28187,
805,Sleuth,1972,138,8.0,,49383,4.08
806,A Very Long Engagement,2004,133,7.6,76.0,75267,6.17
807,Batman: Mask of the Phantasm,1993,76,7.8,65.0,54982,5.62
808,To Be or Not to Be,1942,99,8.2,86.0,41111,
809,The Conformist,1970,113,7.9,100.0,32780,0.54
810,K.G.F: Chapter 2,2022,168,8.3,,143394,6.6
811,Mr. Smith Goes to Washington,1939,129,8.1,73.0,119280,9.6
812,Taste of Cherry,1997,95,7.7,80.0,34666,0.31
813,Ayla: The Daughter of War,2017,125,8.3,,42533,
814,Le Samouraï,1967,101,8.0,,54927,0.04
815,The Magdalene Sisters,2002,114,7.7,83.0,28098,4.89
816,The Diving Bell and the Butterfly,2007,112,8.0,92.0,109550,5.99
817,Persepolis,2007,96,8.0,90.0,98318,4.45
818,Cowboy Bebop: The Movie,2001,115,7.8,61.0,51570,1.0
819,Stalag 17,1953,120,8.0,84.0,57652,
820,The Kid,1921,68,8.2,,131835,5.45
821,Cat on a Hot Tin Roof,1958,108,7.9,84.0,52350,17.57
822,Nobody Knows,2004,141,8.0,88.0,30164,0.68
823,You Can't Take It with You,1938,126,7.8,,27158,4.66
824,Autumn Sonata,1978,99,8.1,,36727,
825,The Umbrellas of Cherbourg,1964,91,7.8,86.0,30155,0.03
826,"Quo Vadis, Aida?",2020,101,8.0,97.0,36913,
827,Happy Together,1997,96,7.7,70.0,32706,0.19
828,Yi Yi,2000,173,8.1,94.0,27191,1.14
829,The Chorus,2004,97,7.8,56.0,65632,3.64
830,Pather Panchali,1955,125,8.2,,36489,0.54
831,Baahubali: The Beginning,2015,159,8.0,,132478,6.74
832,Z,1969,127,8.2,86.0,30614,0.08
833,The Lunchbox,2013,104,7.8,76.0,59444,4.23
834,Cries & Whispers,1972,91,8.0,,36113,1.74
835,The Killer,1989,111,7.8,82.0,50183,
836,Wolf Children,2012,117,8.1,71.0,47905,
837,Mildred Pierce,1945,111,7.9,88.0,27859,
838,Sita Ramam,2022,163,8.6,,63475,
839,His Girl Friday,1940,92,7.8,,61763,0.3
840,Lagaan: Once Upon a Time in India,2001,224,8.1,84.0,118423,0.91
841,Andrei Rublev,1966,205,8.1,,55950,0.1
842,Amarcord,1973,123,7.9,,45801,0.58
843,777 Charlie,2022,164,8.8,,37091,
844,The Hidden Fortress,1958,126,8.1,89.0,41226,
845,The Experiment,2001,120,7.7,59.0,95446,0.14
846,Kal Ho Naa Ho,2003,186,7.9,54.0,73230,1.79
847,The Big Heat,1953,89,7.9,,28273,
848,Jules and Jim,1962,105,7.7,97.0,43587,
849,Adam's Apples,2005,94,7.7,51.0,53289,0.0
850,Inherit the Wind,1960,128,8.1,75.0,32022,
851,Frost/Nixon,2008,122,7.7,80.0,111166,18.59
852,Chhichhore,2019,143,8.3,,60208,2.0
853,Kagemusha,1980,162,7.9,84.0,37380,
854,Cléo from 5 to 7,1962,90,7.9,87.0,25734,
855,The Discreet Charm of the Bourgeoisie,1972,102,7.8,93.0,45531,0.2
856,Down by Law,1986,107,7.7,75.0,54237,1.44
857,The Exterminating Angel,1962,95,8.0,,34795,
858,Haider,2014,160,8.0,,56676,0.9
859,The Purple Rose of Cairo,1985,82,7.7,75.0,53860,10.63
860,Sweet Smell of Success,1957,96,8.0,100.0,34658,
861,Confessions,2010,106,7.7,,41149,
862,The Triplets of Belleville,2003,80,7.7,91.0,56280,7.0
863,Miracle on 34th Street,1947,96,7.9,88.0,51618,2.65
864,Sardar Udham,2021,164,8.4,,45385,
865,Dilwale Dulhania Le Jayenge,1995,181,8.0,,74720,
866,Elevator to the Gallows,1958,91,7.9,94.0,27791,0.11
867,"Like Father, Like Son",2013,121,7.8,73.0,27136,0.28
868,Central Station,1998,110,8.0,80.0,41445,5.6
869,3-Iron,2004,88,7.9,72.0,57279,0.24
870,Dreams,1990,119,7.7,,28204,1.96
871,My Father and My Son,2005,112,8.2,,90136,
872,My Man Godfrey,1936,94,7.9,82.0,25787,
873,The General,1926,78,8.1,,95866,1.03
874,"Black Cat, White Cat",1998,127,8.0,73.0,55599,0.35
875,A Night at the Opera,1935,96,7.8,,34178,2.54
876,Duck Soup,1933,69,7.8,93.0,61938,
877,The Virgin Spring,1960,89,8.0,,30927,1.53
878,Crimes and Misdemeanors,1989,104,7.8,77.0,59987,18.25
879,"Goodbye, Children",1987,104,8.0,88.0,35479,4.54
880,The Muppet Christmas Carol,1992,85,7.7,64.0,64971,27.28
881,Vikram Vedha,2017,147,8.2,,49059,
882,The Salesman,2016,124,7.7,85.0,63454,2.4
883,About Elly,2009,119,7.9,87.0,56050,0.11
884,Bringing Up Baby,1938,102,7.8,91.0,64734,
885,Beauty and the Beast,1946,93,7.9,92.0,27556,0.3
886,Ace in the Hole,1951,111,8.1,72.0,38249,3.97
887,"Spring, Summer, Fall, Winter... and Spring",2003,103,8.0,85.0,85609,2.38
888,Cell 211,2009,113,7.6,,69804,
889,Key Largo,1948,100,7.7,,43220,
890,Jab We Met,2007,138,7.9,,56782,0.41
891,K.G.F: Chapter 1,2018,154,8.2,,94341,
892,Nostalghia,1983,125,7.9,,29154,0.01
893,Sunrise,1927,94,8.1,95.0,52985,0.54
894,The Red Circle,1970,140,7.9,92.0,27264,0.37
895,Throne of Blood,1957,110,8.1,,54687,
896,Nights of Cabiria,1957,110,8.1,,51110,0.75
897,Nine Queens,2000,114,7.9,80.0,55673,1.22
898,La strada,1954,108,8.0,,65578,
899,The Return,2003,110,7.9,82.0,46785,0.5
900,"4 Months, 3 Weeks and 2 Days",2007,113,7.9,97.0,62505,1.19
901,The Lost Weekend,1945,101,7.9,,39265,9.46
902,Tokyo Godfathers,2003,92,7.8,74.0,44244,0.13
903,Zindagi Na Milegi Dobara,2011,155,8.2,,83383,3.11
904,Hiroshima Mon Amour,1959,90,7.8,,34823,0.09
905,Departures,2008,130,8.0,68.0,54108,1.5
906,Ivan's Childhood,1962,95,8.0,,38855,
907,Gully Boy,2019,154,7.9,65.0,42275,5.57
908,L'Avventura,1960,144,7.7,,31878,
909,Time of the Gypsies,1988,142,8.1,,32103,0.28
910,Dil Chahta Hai,2001,183,8.1,,74663,0.3
911,Kantara,2022,148,8.3,,98547,
912,No Man's Land,2001,98,7.9,84.0,48284,1.06
913,How Green Was My Valley,1941,118,7.7,88.0,25776,
914,Barfi!,2012,151,8.1,,85092,2.8
915,The Postman,1994,108,7.8,81.0,38303,21.85
916,Talvar,2015,132,8.1,,37099,0.34
917,Rang De Basanti,2006,167,8.1,,121331,2.2
918,After the Wedding,2006,120,7.7,78.0,36192,0.41
919,In America,2002,105,7.7,76.0,43942,15.54
920,Baahubali 2: The Conclusion,2017,167,8.2,,109799,20.19
921,Through a Glass Darkly,1961,90,7.9,84.0,26788,
922,Raise the Red Lantern,1991,125,8.1,,34511,2.6
923,Millennium Actress,2001,87,7.8,70.0,30673,0.19
924,Fireworks,1997,103,7.7,83.0,32330,0.23
925,Bajrangi Bhaijaan,2015,163,8.1,,94311,8.18
926,Uri: The Surgical Strike,2019,138,8.2,,69379,4.19
927,White Heat,1949,114,8.1,89.0,34896,
928,Love and Death,1975,85,7.7,89.0,40112,
929,My Life to Live,1962,85,7.8,,34158,
930,Pink,2016,136,8.1,,47119,1.24
931,The Gold Rush,1925,95,8.1,,116049,5.45
932,Joint Security Area,2000,110,7.7,58.0,33107,
933,Sherlock Jr.,1924,45,8.2,,54411,0.98
934,Dersu Uzala,1975,142,8.2,,32582,
935,"Rome, Open City",1945,103,8.0,,28195,
936,Shershaah,2021,135,8.3,,126778,
937,The Girl Who Leapt Through Time,2006,98,7.7,66.0,69405,
938,G.O.R.A.,2004,127,8.0,,65500,
939,Battleship Potemkin,1925,66,7.9,97.0,60318,0.05
940,Veer Zaara,2004,192,7.8,67.0,55887,2.92
941,Sanjuro,1962,96,8.0,,40193,
942,Viridiana,1961,91,8.1,,25634,
943,Dev.D,2009,144,7.9,,31756,0.01
944,Sullivan's Travels,1941,90,7.9,,27958,
945,The Breadwinner,2017,94,7.7,78.0,27546,0.31
946,Elite Squad 2: The Enemy Within,2010,115,8.0,71.0,85541,0.1
947,Knockin' on Heaven's Door,1997,87,7.8,,32725,0.0
948,The Grand Illusion,1937,113,8.1,,38171,0.17
949,Munna Bhai M.B.B.S.,2003,156,8.1,,86121,
950,The Edge of Heaven,2007,122,7.7,85.0,33050,0.74
951,Rififi,1955,118,8.1,97.0,36139,0.06
952,My Life as a Zucchini,2016,70,7.8,85.0,28013,0.29
953,The Rules of the Game,1939,110,7.9,99.0,30620,
954,The Past,2013,130,7.7,85.0,50266,1.33
955,Jean de Florette,1986,120,8.1,,27015,4.94
956,Tangerines,2013,87,8.1,73.0,48075,0.14
957,Zelig,1983,79,7.7,,43473,11.8
958,Rocketry: The Nambi Effect,2022,157,8.7,,55733,
959,Soorarai Pottru,2020,153,8.7,,121110,
960,C.R.A.Z.Y.,2005,129,7.9,81.0,33806,
961,"Carry On, Munna Bhai",2006,144,8.0,,48759,2.22
962,The Way He Looks,2014,96,7.9,71.0,27094,0.1
963,Sholay,1975,162,8.1,,57828,
964,Tae Guk Gi: The Brotherhood of War,2004,140,8.0,64.0,40670,1.11
965,Winter Light,1963,81,8.0,,26428,
966,Anand,1971,122,8.1,,34810,
967,Umberto D.,1952,89,8.2,92.0,27416,0.07
968,Rangasthalam 1985,2018,170,8.2,,26702,3.51
969,Andaz Apna Apna,1994,160,8.0,,54639,
970,A Wednesday,2008,104,8.1,,81000,
971,M.S. Dhoni: The Untold Story,2016,184,8.0,,65238,1.78
972,Masaan,2015,109,8.1,,29958,
973,Bhaag Milkha Bhaag,2013,186,8.2,,70849,1.63
974,Badhaai Ho,2018,124,7.9,,36656,
975,Super 30,2019,154,7.9,,35165,2.27
976,The Bandit,1996,128,8.1,,71420,
977,Chak De! India,2007,153,8.1,68.0,83383,1.11
978,The Circus,1928,72,8.1,90.0,35349,
979,Black,2005,122,8.1,,35663,0.73
980,Pad Man,2018,140,7.9,,27820,1.66
981,Hera Pheri,2000,156,8.1,,70806,
982,Queen,2013,146,8.1,,67592,1.43
983,Kahaani,2012,122,8.1,,64683,1.04
984,Asuran,2019,141,8.4,,32172,
985,Special 26,2013,144,8.0,,58124,1.08
986,Baby,2015,159,7.9,,59331,
987,Everything's Gonna Be Great,1998,107,8.1,,26856,
988,Article 15,2019,130,8.1,,35830,
989,The Breath,2009,128,8.0,,34690,
990,Udaan,2010,134,8.1,,46356,0.01
991,English Vinglish,2012,134,7.8,,38123,1.67
992,Drishyam 2,2021,152,8.4,,39810,
993,Vizontele,2001,110,8.0,,38081,
994,Airlift,2016,130,7.9,,58254,
995,Hindi Medium,2017,132,7.8,,31217,
996,Drishyam,2013,160,8.3,,43174,
997,Vicky Donor,2012,126,7.8,,44801,0.17
998,Paan Singh Tomar,2012,135,8.2,,37407,0.04
999,Sarfarosh,1999,174,8.1,,26483,
